{"coordinate": {"dispenser": {"1": [-344.2, 407.02, 200, -179.66, -0.4, 0], "3": [-344.2, -224.33, 200, -179.66, -0.4, 0], "2": [-344.2, 224.33, 200, -179.66, -0.4, 0], "4": [-344.2, -407.02, 200, -179.66, -0.4, 0]}, "dut": {"1": [6.004170676337651, 399.32007596988313, 121.88852954048158, -179.66, -0.4, 0], "2": [4.84, 348.87, 109, -179.66, -0.4, 0], "ref": [6.004170367210522, 399.3200420730589, 121.88854207600306, -179.66, -0.4, 0]}}, "offset": {"1": 0, "2": 0, "ref": 0}, "custom": {"test_height": [0, 1, 2, 3, 4], "orientation": "Backward", "test_position": [0, 10, 13, 16, 19]}}