{"coordinate": {"dispenser": {"1": [-343.93, 407, 200, -179.66, -0.4, 0], "3": [-344.2, -224.33, 200, -179.66, -0.4, 0], "2": [-344.2, 224.33, 200, -179.66, -0.4, 0], "4": [-344.2, -407.02, 200, -179.66, -0.4, 0]}, "dut": {"1": [343.41550203664065, 136.86903297891726, 106.11175565513321, -179.66, -0.4, 0], "2": [4.84, 348.87, 109, -179.66, -0.4, 0], "ref": [-86.30053311399685, 472.4186668709355, 100.0098811197131, -179.66, -0.4, 0]}}, "custom": {"test_height": [0, 1, 2, 3, 4], "orientation": "Forward", "test_position": [0, 10, 13, 16, 19]}, "offset": {"1": 3.6, "2": 0, "ref": 0}}