{"coordinate": {"dispenser": {"1": [-343.4462081820022, 404.84505195332497, 200, -179.66, -0.4, 0], "3": [-358.66511669872847, -222.63842509470828, 200, -179.66, -0.4, 0], "2": [-345.2635232274086, 221.48533112582982, 200, -179.66, -0.4, 0], "4": [-344.2, -407.02, 200, -179.66, -0.4, 0]}, "dut": {"1": [-1.5051272310739727, 373.03204851659854, 111.48754372836694, -179.66, -0.4, 0], "2": [4.84, 348.87, 109, -179.66, -0.4, 0], "ref": [-86.30053311399685, 472.4186668709355, 100.0098811197131, -179.66, -0.4, 0]}}, "offset": {"1": 3.6, "2": 0, "ref": 0}, "custom": {"test_height": [0, 1, 2, 3, 4], "orientation": "Forward", "test_position": [0, 10, 13, 16, 19]}}