{"coordinate": {"dispenser": {"1": [-343.93, 407, 200, -179.66, -0.4, 0], "3": [-344.2, -224.33, 200, -179.66, -0.4, 0], "2": [-344.2, 224.33, 200, -179.66, -0.4, 0], "4": [-344.2, -407.02, 200, -179.66, -0.4, 0]}, "dut": {"1": [343.4118551122699, 136.98970309520473, 106.05173559207063, -179.66, -0.4, 0], "2": [4.84, 348.87, 109, -179.66, -0.4, 0], "ref": [-83.29714022305767, 464.40119370992966, 99.71806058674812, -179.66, -0.4, 0]}}, "offset": {"1": 3.6, "2": 0, "ref": 0}, "custom": {"test_height": [2], "orientation": "Forward", "test_position": [10, 13, 16, 19]}}