{"coordinate": {"dispenser": {"1": [-343.5, 405.3, 200, -179.76, -0.4, 0], "3": [-344.2, -224.33, 200, -179.76, -0.4, 0], "2": [-344.2, 224.33, 200, -179.76, -0.4, 0], "4": [-344.2, -407.02, 200, -179.76, -0.4, 0]}, "dut": {"1": [-36.59892550320052, 388.5932992975109, 95.44994557428592, -179.76, -0.4, 0], "2": [4.84, 348.87, 109, -179.76, -0.4, 0], "ref": [335.62703593478, 101.74692639048885, 110.72294508634221, -179.76, -0.4, 0]}}, "custom": {"test_height": [0, 1, 2, 3, 4], "orientation": "Forward", "test_position": [0, 10, 13, 16, 19]}, "interval": 1.2, "offset": {"1": 0, "2": 0, "ref": 0}}